competition,program,pdf
Grand Prix Final 2017 Senior and Junior,ICE DANCE FREE DANCE,gpf2017_protocol.pdf
Grand Prix Final 2017 Senior and Junior,ICE DANCE SHORT DANCE,gpf2017_protocol.pdf
Grand Prix Final 2017 Senior and Junior,JUNIOR ICE DANCE FREE DANCE,gpf2017_protocol.pdf
Grand Prix Final 2017 Senior and Junior,JUNIOR ICE DANCE SHORT DANCE,gpf2017_protocol.pdf
Grand Prix Final 2017 Senior and Junior,JUNIOR LADIES FREE SKATING,gpf2017_protocol.pdf
Grand Prix Final 2017 Senior and Junior,JUNIOR LADIES SHORT PROGRAM,gpf2017_protocol.pdf
Grand Prix Final 2017 Senior and Junior,JUNIOR MEN FREE SKATING,gpf2017_protocol.pdf
Grand Prix Final 2017 Senior and Junior,JUNIOR MEN SHORT PROGRAM,gpf2017_protocol.pdf
Grand Prix Final 2017 Senior and Junior,JUNIOR PAIRS FREE SKATING,gpf2017_protocol.pdf
Grand Prix Final 2017 Senior and Junior,JUNIOR PAIRS SHORT PROGRAM,gpf2017_protocol.pdf
Grand Prix Final 2017 Senior and Junior,LADIES FREE SKATING,gpf2017_protocol.pdf
Grand Prix Final 2017 Senior and Junior,LADIES SHORT PROGRAM,gpf2017_protocol.pdf
Grand Prix Final 2017 Senior and Junior,MEN FREE SKATING,gpf2017_protocol.pdf
Grand Prix Final 2017 Senior and Junior,MEN SHORT PROGRAM,gpf2017_protocol.pdf
Grand Prix Final 2017 Senior and Junior,PAIRS FREE SKATING,gpf2017_protocol.pdf
Grand Prix Final 2017 Senior and Junior,PAIRS SHORT PROGRAM,gpf2017_protocol.pdf
ISU European Figure Skating Championships 2017,ICE DANCE FREE DANCE,ec2017_protocol.pdf
ISU European Figure Skating Championships 2017,ICE DANCE SHORT DANCE,ec2017_protocol.pdf
ISU European Figure Skating Championships 2017,LADIES FREE SKATING,ec2017_protocol.pdf
ISU European Figure Skating Championships 2017,LADIES SHORT PROGRAM,ec2017_protocol.pdf
ISU European Figure Skating Championships 2017,MEN FREE SKATING,ec2017_protocol.pdf
ISU European Figure Skating Championships 2017,MEN SHORT PROGRAM,ec2017_protocol.pdf
ISU European Figure Skating Championships 2017,PAIRS FREE SKATING,ec2017_protocol.pdf
ISU European Figure Skating Championships 2017,PAIRS SHORT PROGRAM,ec2017_protocol.pdf
ISU Four Continents Championships 2017,ICE DANCE FREE DANCE,fc2017_protocol.pdf
ISU Four Continents Championships 2017,ICE DANCE SHORT DANCE,fc2017_protocol.pdf
ISU Four Continents Championships 2017,LADIES FREE SKATING,fc2017_protocol.pdf
ISU Four Continents Championships 2017,LADIES SHORT PROGRAM,fc2017_protocol.pdf
ISU Four Continents Championships 2017,MEN FREE SKATING,fc2017_protocol.pdf
ISU Four Continents Championships 2017,MEN SHORT PROGRAM,fc2017_protocol.pdf
ISU Four Continents Championships 2017,PAIRS FREE SKATING,fc2017_protocol.pdf
ISU Four Continents Championships 2017,PAIRS SHORT PROGRAM,fc2017_protocol.pdf
ISU GP 2016 Progressive Skate America,ICE DANCE FREE DANCE,gpusa2016_protocol.pdf
ISU GP 2016 Progressive Skate America,ICE DANCE SHORT DANCE,gpusa2016_protocol.pdf
ISU GP 2016 Progressive Skate America,LADIES FREE SKATING,gpusa2016_protocol.pdf
ISU GP 2016 Progressive Skate America,LADIES SHORT PROGRAM,gpusa2016_protocol.pdf
ISU GP 2016 Progressive Skate America,MEN FREE SKATING,gpusa2016_protocol.pdf
ISU GP 2016 Progressive Skate America,MEN SHORT PROGRAM,gpusa2016_protocol.pdf
ISU GP 2016 Progressive Skate America,PAIRS FREE SKATING,gpusa2016_protocol.pdf
ISU GP 2016 Progressive Skate America,PAIRS SHORT PROGRAM,gpusa2016_protocol.pdf
ISU GP 2016 Skate Canada International,ICE DANCE FREE DANCE,gpcan2016_protocol.pdf
ISU GP 2016 Skate Canada International,ICE DANCE SHORT DANCE,gpcan2016_protocol.pdf
ISU GP 2016 Skate Canada International,LADIES FREE SKATING,gpcan2016_protocol.pdf
ISU GP 2016 Skate Canada International,LADIES SHORT PROGRAM,gpcan2016_protocol.pdf
ISU GP 2016 Skate Canada International,MEN FREE SKATING,gpcan2016_protocol.pdf
ISU GP 2016 Skate Canada International,MEN SHORT PROGRAM,gpcan2016_protocol.pdf
ISU GP 2016 Skate Canada International,PAIRS FREE SKATING,gpcan2016_protocol.pdf
ISU GP 2016 Skate Canada International,PAIRS SHORT PROGRAM,gpcan2016_protocol.pdf
ISU GP 2017 Bridgestone Skate America,ICE DANCE FREE DANCE,gpusa2017_protocol.pdf
ISU GP 2017 Bridgestone Skate America,ICE DANCE SHORT DANCE,gpusa2017_protocol.pdf
ISU GP 2017 Bridgestone Skate America,LADIES FREE SKATING,gpusa2017_protocol.pdf
ISU GP 2017 Bridgestone Skate America,LADIES SHORT PROGRAM,gpusa2017_protocol.pdf
ISU GP 2017 Bridgestone Skate America,MEN FREE SKATING,gpusa2017_protocol.pdf
ISU GP 2017 Bridgestone Skate America,MEN SHORT PROGRAM,gpusa2017_protocol.pdf
ISU GP 2017 Bridgestone Skate America,PAIRS FREE SKATING,gpusa2017_protocol.pdf
ISU GP 2017 Bridgestone Skate America,PAIRS SHORT PROGRAM,gpusa2017_protocol.pdf
ISU GP 2017 Skate Canada International,ICE DANCE FREE DANCE,gpcan2017_protocol.pdf
ISU GP 2017 Skate Canada International,ICE DANCE SHORT DANCE,gpcan2017_protocol.pdf
ISU GP 2017 Skate Canada International,LADIES FREE SKATING,gpcan2017_protocol.pdf
ISU GP 2017 Skate Canada International,LADIES SHORT PROGRAM,gpcan2017_protocol.pdf
ISU GP 2017 Skate Canada International,MEN FREE SKATING,gpcan2017_protocol.pdf
ISU GP 2017 Skate Canada International,MEN SHORT PROGRAM,gpcan2017_protocol.pdf
ISU GP 2017 Skate Canada International,PAIRS FREE SKATING,gpcan2017_protocol.pdf
ISU GP 2017 Skate Canada International,PAIRS SHORT PROGRAM,gpcan2017_protocol.pdf
ISU GP Audi Cup of China 2016,ICE DANCE FREE DANCE,gpchn2016_protocol.pdf
ISU GP Audi Cup of China 2016,ICE DANCE SHORT DANCE,gpchn2016_protocol.pdf
ISU GP Audi Cup of China 2016,LADIES FREE SKATING,gpchn2016_protocol.pdf
ISU GP Audi Cup of China 2016,LADIES SHORT PROGRAM,gpchn2016_protocol.pdf
ISU GP Audi Cup of China 2016,MEN FREE SKATING,gpchn2016_protocol.pdf
ISU GP Audi Cup of China 2016,MEN SHORT PROGRAM,gpchn2016_protocol.pdf
ISU GP Audi Cup of China 2016,PAIRS FREE SKATING,gpchn2016_protocol.pdf
ISU GP Audi Cup of China 2016,PAIRS SHORT PROGRAM,gpchn2016_protocol.pdf
ISU GP Audi Cup of China 2017,ICE DANCE FREE DANCE,gpchn2017_protocol.pdf
ISU GP Audi Cup of China 2017,ICE DANCE SHORT DANCE,gpchn2017_protocol.pdf
ISU GP Audi Cup of China 2017,LADIES FREE SKATING,gpchn2017_protocol.pdf
ISU GP Audi Cup of China 2017,LADIES SHORT PROGRAM,gpchn2017_protocol.pdf
ISU GP Audi Cup of China 2017,MEN FREE SKATING,gpchn2017_protocol.pdf
ISU GP Audi Cup of China 2017,MEN SHORT PROGRAM,gpchn2017_protocol.pdf
ISU GP Audi Cup of China 2017,PAIRS FREE SKATING,gpchn2017_protocol.pdf
ISU GP Audi Cup of China 2017,PAIRS SHORT PROGRAM,gpchn2017_protocol.pdf
ISU GP Internationaux de France de Patinage 2017,ICE DANCE FREE DANCE,gpfra2017_protocol.pdf
ISU GP Internationaux de France de Patinage 2017,ICE DANCE SHORT DANCE,gpfra2017_protocol.pdf
ISU GP Internationaux de France de Patinage 2017,LADIES FREE SKATING,gpfra2017_protocol.pdf
ISU GP Internationaux de France de Patinage 2017,LADIES SHORT PROGRAM,gpfra2017_protocol.pdf
ISU GP Internationaux de France de Patinage 2017,MEN FREE SKATING,gpfra2017_protocol.pdf
ISU GP Internationaux de France de Patinage 2017,MEN SHORT PROGRAM,gpfra2017_protocol.pdf
ISU GP Internationaux de France de Patinage 2017,PAIRS FREE SKATING,gpfra2017_protocol.pdf
ISU GP Internationaux de France de Patinage 2017,PAIRS SHORT PROGRAM,gpfra2017_protocol.pdf
ISU GP NHK Trophy 2016,ICE DANCE FREE DANCE,gpjpn2016_protocol.pdf
ISU GP NHK Trophy 2016,ICE DANCE SHORT DANCE,gpjpn2016_protocol.pdf
ISU GP NHK Trophy 2016,LADIES FREE SKATING,gpjpn2016_protocol.pdf
ISU GP NHK Trophy 2016,LADIES SHORT PROGRAM,gpjpn2016_protocol.pdf
ISU GP NHK Trophy 2016,MEN FREE SKATING,gpjpn2016_protocol.pdf
ISU GP NHK Trophy 2016,MEN SHORT PROGRAM,gpjpn2016_protocol.pdf
ISU GP NHK Trophy 2016,PAIRS FREE SKATING,gpjpn2016_protocol.pdf
ISU GP NHK Trophy 2016,PAIRS SHORT PROGRAM,gpjpn2016_protocol.pdf
ISU GP NHK Trophy 2017,ICE DANCE FREE DANCE,gpjpn2017_protocol.pdf
ISU GP NHK Trophy 2017,ICE DANCE SHORT DANCE,gpjpn2017_protocol.pdf
ISU GP NHK Trophy 2017,LADIES FREE SKATING,gpjpn2017_protocol.pdf
ISU GP NHK Trophy 2017,LADIES SHORT PROGRAM,gpjpn2017_protocol.pdf
ISU GP NHK Trophy 2017,MEN FREE SKATING,gpjpn2017_protocol.pdf
ISU GP NHK Trophy 2017,MEN SHORT PROGRAM,gpjpn2017_protocol.pdf
ISU GP NHK Trophy 2017,PAIRS FREE SKATING,gpjpn2017_protocol.pdf
ISU GP NHK Trophy 2017,PAIRS SHORT PROGRAM,gpjpn2017_protocol.pdf
ISU GP Rostelecom Cup 2016,ICE DANCE FREE DANCE,gprus2016_protocol.pdf
ISU GP Rostelecom Cup 2016,ICE DANCE SHORT DANCE,gprus2016_protocol.pdf
ISU GP Rostelecom Cup 2016,LADIES FREE SKATING,gprus2016_protocol.pdf
ISU GP Rostelecom Cup 2016,LADIES SHORT PROGRAM,gprus2016_protocol.pdf
ISU GP Rostelecom Cup 2016,MEN FREE SKATING,gprus2016_protocol.pdf
ISU GP Rostelecom Cup 2016,MEN SHORT PROGRAM,gprus2016_protocol.pdf
ISU GP Rostelecom Cup 2016,PAIRS FREE SKATING,gprus2016_protocol.pdf
ISU GP Rostelecom Cup 2016,PAIRS SHORT PROGRAM,gprus2016_protocol.pdf
ISU GP Rostelecom Cup 2017,ICE DANCE FREE DANCE,gprus2017_protocol.pdf
ISU GP Rostelecom Cup 2017,ICE DANCE SHORT DANCE,gprus2017_protocol.pdf
ISU GP Rostelecom Cup 2017,LADIES FREE SKATING,gprus2017_protocol.pdf
ISU GP Rostelecom Cup 2017,LADIES SHORT PROGRAM,gprus2017_protocol.pdf
ISU GP Rostelecom Cup 2017,MEN FREE SKATING,gprus2017_protocol.pdf
ISU GP Rostelecom Cup 2017,MEN SHORT PROGRAM,gprus2017_protocol.pdf
ISU GP Rostelecom Cup 2017,PAIRS FREE SKATING,gprus2017_protocol.pdf
ISU GP Rostelecom Cup 2017,PAIRS SHORT PROGRAM,gprus2017_protocol.pdf
ISU GP Trophee de France 2016,ICE DANCE FREE DANCE,gpfra2016_protocol.pdf
ISU GP Trophee de France 2016,ICE DANCE SHORT DANCE,gpfra2016_protocol.pdf
ISU GP Trophee de France 2016,LADIES FREE SKATING,gpfra2016_protocol.pdf
ISU GP Trophee de France 2016,LADIES SHORT PROGRAM,gpfra2016_protocol.pdf
ISU GP Trophee de France 2016,MEN FREE SKATING,gpfra2016_protocol.pdf
ISU GP Trophee de France 2016,MEN SHORT PROGRAM,gpfra2016_protocol.pdf
ISU GP Trophee de France 2016,PAIRS FREE SKATING,gpfra2016_protocol.pdf
ISU GP Trophee de France 2016,PAIRS SHORT PROGRAM,gpfra2016_protocol.pdf
ISU Grand Prix of Figure Skating Final 2016,ICE DANCE FREE DANCE,gpf1617_protocol.pdf
ISU Grand Prix of Figure Skating Final 2016,ICE DANCE SHORT DANCE,gpf1617_protocol.pdf
ISU Grand Prix of Figure Skating Final 2016,JUNIOR ICE DANCE FREE DANCE,gpf1617_protocol.pdf
ISU Grand Prix of Figure Skating Final 2016,JUNIOR ICE DANCE SHORT DANCE,gpf1617_protocol.pdf
ISU Grand Prix of Figure Skating Final 2016,JUNIOR LADIES FREE SKATING,gpf1617_protocol.pdf
ISU Grand Prix of Figure Skating Final 2016,JUNIOR LADIES SHORT PROGRAM,gpf1617_protocol.pdf
ISU Grand Prix of Figure Skating Final 2016,JUNIOR MEN FREE SKATING,gpf1617_protocol.pdf
ISU Grand Prix of Figure Skating Final 2016,JUNIOR MEN SHORT PROGRAM,gpf1617_protocol.pdf
ISU Grand Prix of Figure Skating Final 2016,JUNIOR PAIRS FREE SKATING,gpf1617_protocol.pdf
ISU Grand Prix of Figure Skating Final 2016,JUNIOR PAIRS SHORT PROGRAM,gpf1617_protocol.pdf
ISU Grand Prix of Figure Skating Final 2016,LADIES FREE SKATING,gpf1617_protocol.pdf
ISU Grand Prix of Figure Skating Final 2016,LADIES SHORT PROGRAM,gpf1617_protocol.pdf
ISU Grand Prix of Figure Skating Final 2016,MEN FREE SKATING,gpf1617_protocol.pdf
ISU Grand Prix of Figure Skating Final 2016,MEN SHORT PROGRAM,gpf1617_protocol.pdf
ISU Grand Prix of Figure Skating Final 2016,PAIRS FREE SKATING,gpf1617_protocol.pdf
ISU Grand Prix of Figure Skating Final 2016,PAIRS SHORT PROGRAM,gpf1617_protocol.pdf
ISU World Figure Skating Championships 2017,ICE DANCE FREE DANCE,wc2017_protocol.pdf
ISU World Figure Skating Championships 2017,ICE DANCE SHORT DANCE,wc2017_protocol.pdf
ISU World Figure Skating Championships 2017,LADIES FREE SKATING,wc2017_protocol.pdf
ISU World Figure Skating Championships 2017,LADIES SHORT PROGRAM,wc2017_protocol.pdf
ISU World Figure Skating Championships 2017,MEN FREE SKATING,wc2017_protocol.pdf
ISU World Figure Skating Championships 2017,MEN SHORT PROGRAM,wc2017_protocol.pdf
ISU World Figure Skating Championships 2017,PAIRS FREE SKATING,wc2017_protocol.pdf
ISU World Figure Skating Championships 2017,PAIRS SHORT PROGRAM,wc2017_protocol.pdf
